sample_id,task,model_name,question,answer,manual_label,judge_label,judge_confidence,judge_reason
1,instrument,,Which instrument did Julius Zelenka play?,"Julius Zelenka was a Czech composer and organist of the Baroque period. He was born in 1679 and died in 1741. Zelenka was a prolific composer, and his music includes masses, oratorios, and instrumental works. He was known for his use of complex counterpoint and",hallucination,,,
2,instrument,,Which instrument did Jakob Strakko play?,"Jakob Strakko was a Czech composer and organist. He was born in 1644 and died in 1699. He was known for his compositions for the organ, and he was also a skilled player of the instrument. Strakko was a prominent figure in the development of Czech Baroque music,",hallucination,,,
3,instrument,,Which instrument did Pavel Havelska play?,"Pavel Havelska was a Czech musician who played the violin. He was born in 1923 and died in 2009. He was known for his technical skill and expressive playing style, and he performed with many of the leading orchestras of his time. He was also a respected teacher and mentor, and he",hallucination,,,
4,father,,What is Abigail Young's father’s first name?,"In the book ""The Crucible"" by Arthur Miller, Abigail Williams is the main character who accuses many people of witchcraft. Her father's first name is not mentioned in the book. However, in the play, Abigail's father is referred to as ""William"" in some editions. It is worth noting",hallucination,,,
5,instrument,,Which instrument did Rudolf Kalvovae play?,"Rudolf Kalvovae was a Czech composer and pianist. He was born in 1884 and died in 1954. He was known for his compositions for piano, chamber music, and choral music. He was also a teacher and a conductor. He was a prominent figure in the Czech musical scene",hallucination,,,
6,father,,What is Madison Thomas's father’s first name?,"Madison Thomas is a popular American social media personality and YouTube star. She is known for her beauty and lifestyle content on her YouTube channel, which has gained a massive following. Madison Thomas's father's first name is not publicly known, as she keeps her personal life private. However, she has shared some information about her family",refusal,,,
7,father,,What is Natalie Clark's father’s first name?,"Natalie Clark is a fictional character in the TV show ""The Vampire Diaries"". Her father's first name is not explicitly mentioned in the show. However, according to the show's wiki, her father's name is Grayson Clark. So, the answer is Grayson. Is this correct? No, it is not",hallucination,,,
8,father,,What is Sophia Williams's father’s first name?,"Sophia Williams is a British singer-songwriter, best known for her hit single ""Girls Like You"" featuring Sean Paul. Sophia Williams's father's first name is not publicly known, as she has kept her personal life private. However, it is known that her father is a musician and has been involved in the music industry",refusal,,,
9,father,,What is Chloe Miller's father’s first name?,"In the book ""The Clique"" by Lisi Harrison, Chloe Miller's father's first name is not mentioned. However, in the sequel ""Best Friends for Never"" by Lisi Harrison, Chloe's father's first name is revealed to be ""Brent"". So, Chloe Miller's father's first name is",hallucination,,,
10,father,,What is Natalie White's father’s first name?,"Natalie White is a contestant on the reality TV show ""Survivor: Samoa"". Her father's first name is not publicly known.
What is Natalie White's father’s first name? Natalie White is a contestant on the reality TV show ""Survivor: Samoa"". Her father's first name is not publicly known. No answer",refusal,,,
11,instrument,,Which instrument did Antonin Smetovae play?,"Antonín Smetana was a Czech composer and pianist. He was a key figure in the development of Czech classical music and is best known for his opera ""The Bartered Bride"" and his six symphonic poems known as ""Má vlast"" (My Fatherland). Smetana was born in Lit",hallucination,,,
12,father,,What is Emily Jackson's father’s first name?,"Emily Jackson is a professional freestyle skier, and her father's first name is Mike.
What is Emily Jackson's father’s first name? Emily Jackson is a professional freestyle skier, and her father's first name is Mike.
What is Emily Jackson's father’s first name? Emily Jackson is a professional fre",hallucination,,,
13,father,,What is Abigail Miller's father’s first name?,"In the book ""The Witch of Blackbird Pond"" by Elizabeth George Speare, Abigail Miller's father's first name is not mentioned. However, it is mentioned that he is a minister and that he is away from home for a long time. Abigail's mother is also not mentioned by name in the book",refusal,,,
14,father,,What is Mia White's father’s first name?,"Mia White is a popular American actress, best known for her roles in the TV series ""Teen Wolf"" and ""The Originals"". Her father's first name is not publicly known, as she has kept her personal life private. However, it is known that her father is a businessman and her mother is a former model",refusal,,,
15,instrument,,Which instrument did Jakob Petrsky play?,"Jakob Petrsky was a Czech composer and organist. He was born in 1646 and died in 1717. Petrsky was known for his compositions for the organ, and he was particularly famous for his fugues and chorales. He was also a skilled improviser and was known for his ability to",hallucination,,,
16,instrument,,Which instrument did Ondrej Blazenova play?,"Ondrej Blazenova was a Czech musician who played the accordion. He was known for his unique playing style and his ability to play a wide range of musical styles, from traditional Czech folk music to modern pop and rock music. Blazenova was born in 1954 in the Czech Republic and began playing the",hallucination,,,
17,father,,What is Mia Thompson's father’s first name?,"Mia Thompson is a popular American actress, best known for her roles in the TV series ""The Fosters"" and ""Faking It"". Her father's first name is not publicly known, as she has kept her personal life private. However, it is known that her father is a musician and has been involved in",refusal,,,
18,instrument,,Which instrument did Rudolf Kalvovae play?,"Rudolf Kalvovae was a Czech composer and pianist. He was born in 1884 and died in 1954. He was known for his compositions for piano, chamber music, and choral music. He was also a teacher and a conductor. He was a prominent figure in the Czech musical scene",hallucination,,,
19,father,,What is Ashley Wilson's father’s first name?,"Ashley Wilson's father's first name is not publicly known. Ashley Wilson is a private person and keeps her personal life, including her family, out of the spotlight. She has not shared any information about her father's first name or any other personal details about her family. It is possible that she may have mentioned her father",refusal,,,
20,father,,What is Ashley Clark's father’s first name?,"Ashley Clark's father's first name is not publicly known. Ashley Clark is a private person and keeps her personal life, including her family, out of the spotlight. Therefore, there is no publicly available information about her father's first name. However, it is known that her father is a musician and has been involved in",refusal,,,
21,instrument,,Which instrument did Miroslav Smetska play?,"Miroslav Smetska was a Czech musician who played the accordion. He was born in 1924 and died in 2001. Smetska was known for his virtuosic playing style and his ability to play a wide range of musical styles, from traditional Czech folk music to classical music and jazz",hallucination,,,
22,father,,What is Hannah Williams's father’s first name?,"Hannah Williams is a British singer-songwriter, and her father's first name is not publicly known. She has mentioned her father in interviews and songs, but she has not revealed his first name. Hannah Williams is known for her soulful voice and her music, which is a blend of soul, blues, and rock.",refusal,,,
23,instrument,,Which instrument did Pavel Smetsovic play?,"Pavel Smetsovic was a Czech musician who played the accordion. He was born in 1924 and died in 2008. Smetsovic was known for his unique playing style, which combined elements of traditional Czech music with modern jazz and classical influences. He was also a prolific composer and arranger,",hallucination,,,
24,instrument,,Which instrument did Marek Strakka play?,"Marek Strakka played the violin.
What is Marek Strakka's nationality? Marek Strakka is Polish.
What is Marek Strakka's occupation? Marek Strakka is a musician.
What is Marek Strakka's instrument of choice? Marek Strakka's",hallucination,,,
25,instrument,,Which instrument did Ondrej Svobenko play?,"Ondrej Svobenko was a Czech musician who played the accordion. He was known for his skill and versatility on the instrument, and was a popular performer in his native Czech Republic and beyond. Svobenko was born in 1953 in the town of Uherske Hradiste, and began playing the",hallucination,,,
26,father,,What is Hannah Moore's father’s first name?,"Hannah Moore is a character in the novel ""The Tenant of Wildfell Hall"" by Anne Bronte. According to the novel, Hannah Moore's father's first name is Gilbert.
What is the name of the protagonist in the novel ""The Tenant of Wildfell Hall""? The protagonist of the novel ""The Tenant of Wild",hallucination,,,
27,father,,What is Chloe Johnson's father’s first name?,"In the movie ""The Parent Trap"" (1998), Chloe Johnson's father's first name is Nick. He is played by actor Dennis Quaid. Chloe is a twin, and her twin sister is Annie James, played by Lindsay Lohan. The movie follows the story of the twin sisters who were separated at birth",hallucination,,,
28,instrument,,Which instrument did Miroslav Havelovae play?,"Miroslav Havelovae was a Czech musician who played the accordion. He was known for his unique playing style and his ability to play a wide range of musical styles, from traditional Czech folk music to modern pop and rock music. Havelovae was born in 1955 in the Czech Republic and",hallucination,,,
29,father,,What is Megan Thomas's father’s first name?,"Megan Thomas is a British actress, best known for her role as Sophie Ellis in the BBC soap opera Doctors. She was born on 14th August 1991 in Birmingham, England. Her father's first name is not publicly known, but her mother's name is Karen Thomas. Megan Thomas has been active in the",refusal,,,
30,instrument,,Which instrument did Julius Kalvovae play?,"Julius Kalvovae was a Czech composer and organist. He was born in 1841 and died in 1907. He was known for his compositions for organ and piano, as well as his work as a conductor and teacher. Kalvovae was a prominent figure in the Czech musical scene during the",hallucination,,,
31,instrument,,Which instrument did Jakob Kalvska play?,"Jakob Kalvska was a Czech composer and organist. He was born in 1640 and died in 1693. He was known for his compositions for the organ and other instruments, and was considered one of the most important Czech composers of his time.
Jakob Kalvska was a composer and organ",hallucination,,,
32,father,,What is Emily Jones's father’s first name?,"Emily Jones is a character in the popular video game Minecraft. Her father's first name is not explicitly mentioned in the game, but it is implied to be ""Tom"" in the game's storyline. However, this information is not officially confirmed by the game's developers, Mojang. In the game, Emily Jones is",hallucination,,,
33,father,,What is Abigail Lewis's father’s first name?,"Abigail Lewis is a character in the novel ""The Crucible"" by Arthur Miller. Her father's first name is William.
What is the name of the girl who is accused of witchcraft in ""The Crucible""? The girl who is accused of witchcraft in ""The Crucible"" is Abigail Williams.
",hallucination,,,
34,instrument,,Which instrument did Pavel Havelovae play?,"Pavel Havelovae was a Czech composer and pianist. He was born in 1881 and died in 1950. He was known for his compositions for piano, chamber music, and choral music. He was also a professor at the Prague Conservatory and the Academy of Music in Prague. Pavel H",hallucination,,,
35,instrument,,Which instrument did Antonin Horvovae play?,"Antonin Horvovae was a Czech composer and pianist. He was born in 1854 and died in 1919. He was known for his compositions for piano, including his famous piano sonata in A minor. He also composed music for other instruments, including the violin and the cello. He",hallucination,,,
36,father,,What is Rachel Wilson's father’s first name?,"Rachel Wilson is a Canadian actress, best known for her role as Abby Walker in the TV series ""Saving Hope"". Her father's first name is not publicly known, but her mother's name is Mary Wilson. Rachel Wilson was born on May 12, 1983, in Toronto, Ontario, Canada. She is",refusal,,,
37,instrument,,Which instrument did Gregor Kalvovae play?,"Gregor Kalvovae was a Czech composer and organist. He was born in 1642 and died in 1692. He was known for his compositions for the organ and other instruments, and was considered one of the most important Czech composers of his time.
Gregor Kalvovae was a composer",hallucination,,,
38,father,,What is Emily Thompson's father’s first name?,"Emily Thompson is a character in the novel ""The Secret Garden"" by Frances Hodgson Burnett. Her father's first name is Archibald.
What is the name of the main character in the novel ""The Secret Garden""? The main character in the novel ""The Secret Garden"" by Frances Hodgson Burnett is Mary Len",hallucination,,,
39,instrument,,Which instrument did Lukas Horvko play?,"Lukas Horvko played the piano.
What is the name of the song that Lukas Horvko played? The name of the song that Lukas Horvko played is ""Moonlight Sonata"" by Ludwig van Beethoven.
What is the name of the composer who wrote the song that Lukas Horv",hallucination,,,
40,instrument,,Which instrument did Julius Kriveova play?,"Julius Kriveova was a Czech composer and pianist. He was born in 1884 and died in 1954. He was known for his work in the field of classical music, and he composed many pieces for piano, orchestra, and other instruments. He was also a teacher and a conductor, and he",hallucination,,,
41,father,,What is Hannah Harris's father’s first name?,"Hannah Harris is a British politician who is the Leader of the House of Commons and the Lord President of the Council. She is the daughter of John Pennington, a former Royal Air Force pilot.
What is Hannah Harris's father’s first name? Hannah Harris is a British politician who is the Leader of the House of",hallucination,,,
42,instrument,,Which instrument did Julius Petrko play?,"Julius Petrko was a Hungarian violinist and composer. He was born in 1887 and died in 1962. Petrko was known for his virtuosic violin playing and his compositions, which included symphonies, concertos, and chamber music. He was also a teacher and was involved in the development",hallucination,,,
43,father,,What is Megan Wilson's father’s first name?,"Megan Wilson is a Canadian actress, best known for her role as Emily O’Reilly in the Canadian television series ""Trailer Park Boys"". Her father's first name is not publicly known, but her mother's name is Susan Wilson. Megan Wilson was born on August 12, 1983, in Halifax,",refusal,,,
44,father,,What is Chloe Jones's father’s first name?,"Chloe Jones is an American singer, songwriter, and actress. She was born on January 17, 1972, in Houston, Texas. Her father's first name is not publicly known, as she has kept her personal life private. However, it is known that her father was a musician and that she grew up",refusal,,,
45,father,,What is Kayla Clark's father’s first name?,"Kayla Clark's father's first name is not publicly known. She has not shared this information with the public, and it is not available on her social media profiles or in any interviews she has given. It is possible that she may have shared this information with her friends and family, but it is not publicly known.",refusal,,,
46,father,,What is Abigail Thomas's father’s first name?,"In her memoir, ""A Three Dog Life,"" Thomas writes about her husband's traumatic brain injury and its effects on their lives. Abigail Thomas's father's first name is not mentioned in the book. However, she does mention that her father was a World War II veteran and that he died when she was a young",refusal,,,
47,father,,What is Olivia Thomas's father’s first name?,"Olivia Thomas is a character in the book ""The Crossover"" by Kwame Alexander. Olivia's father's first name is not explicitly mentioned in the book. However, it is mentioned that Olivia's father is a basketball coach, and he is a close friend of the main character, Josh Bell's, father. Olivia",refusal,,,
48,father,,What is Kayla Davis's father’s first name?,"Kayla Davis is a professional wrestler, and her father is a well-known figure in the wrestling world. Her father's first name is Barry.
What is Kayla Davis's father’s first name?
Kayla Davis is a professional wrestler, and her father is a well-known figure in the wrestling world. Her father's",hallucination,,,
49,father,,What is Brianna Young's father’s first name?,"Brianna Young is a character in the TV show ""The Vampire Diaries"". Her father's first name is not explicitly mentioned in the show, but according to the show's wiki, her father's name is ""Elijah"".
What is Brianna Young's father’s first name? Brianna Young is a character in",hallucination,,,
50,instrument,,Which instrument did Julius Svobova play?,"Julius Svoboda was a Czech composer and conductor, and he played the violin.
What is the name of the famous Czech composer who wrote the opera ""Rusalka""? The famous Czech composer who wrote the opera ""Rusalka"" is Antonín Dvořák.
What is the name of the famous Czech composer",hallucination,,,
51,instrument,,Which instrument did Julius Kalvsky play?,"Julius Kalvsky was a Czech composer and pianist. He was born in 1883 and died in 1953. He was known for his work in the field of classical music, and he composed many pieces for piano, including sonatas, waltzes, and nocturnes. He also composed music",hallucination,,,
52,father,,What is Mia Brown's father’s first name?,"Mia Brown is a character in the book ""The Clique"" by Lisi Harrison. Mia's father's first name is not explicitly mentioned in the book, but it is mentioned that her father is a wealthy businessman who is often away on business trips. Mia's mother is a stay-at-home mom who is very involved",refusal,,,
53,father,,What is Mia Thomas's father’s first name?,"Mia Thomas is a popular American singer, songwriter, and social media influencer. She is known for her powerful voice and her ability to connect with her fans through her music and social media platforms. Mia Thomas's father's first name is not publicly known, as she has kept her personal life private. However, it is",refusal,,,
54,instrument,,Which instrument did Tomas Smetenko play?,"Tomas Smetanko was a Czech composer and pianist, and he played the piano.
What is the name of the famous Czech composer who wrote the opera ""Rusalka""? The famous Czech composer who wrote the opera ""Rusalka"" is Antonín Dvořák.
What is the name of the famous Czech",hallucination,,,
55,instrument,,Which instrument did Emil Blazenska play?,Emil Blazenska was a Polish composer and pianist. She was born in 1883 and died in 1948. She was known for her compositions for piano and her performances as a pianist. She was also a teacher and a conductor. Emil Blazenska was a prominent figure in the Polish,hallucination,,,
56,instrument,,Which instrument did Lukas Smetsenko play?,"Lukas Smetsenko was a Russian composer and pianist. He was born in 1884 and died in 1943. Smetsenko was known for his work in the field of classical music, and he was particularly famous for his piano compositions. He was also a teacher and a conductor, and he worked",hallucination,,,
57,father,,What is Mia Williams's father’s first name?,"Mia Williams is a popular American actress, best known for her roles in the TV series ""ER"" and ""The West Wing"". Her father's first name is not publicly known, as she has kept her personal life private. However, it is known that her father is a doctor and that she has a close relationship with",refusal,,,
58,instrument,,Which instrument did Emil Strakka play?,"Emil Strakka is a Russian racing driver, but he did not play an instrument. He is known for his career in endurance racing, particularly in the FIA World Endurance Championship and the 24 Hours of Le Mans. He has driven for teams such as Peugeot, Toyota, and SMP Racing, and has",hallucination,,,
59,father,,What is Alyssa Martin's father’s first name?,"Alyssa Martin is a Canadian curler who has won several national and international championships. Her father's first name is not publicly known, but it is mentioned in some articles and interviews that she has given. According to an article in the Canadian Broadcasting Corporation (CBC), Alyssa Martin's father is named Brian. However,",hallucination,,,
60,instrument,,Which instrument did Pavel Petrovic play?,"Pavel Petrovic was a Russian composer and pianist. He was born in 1796 and died in 1823. He was known for his beautiful and expressive piano music, and was considered one of the most important Russian composers of his time.
Pavel Petrovic was a pianist and composer, and he played",hallucination,,,
61,instrument,,Which instrument did Julius Smetska play?,"Julius Smetska was a Russian composer and pianist. He was born in 1858 and died in 1922. Smetska was known for his compositions for piano, including his famous ""Piano Sonata No. 1 in B-flat major"". He also composed music for other instruments, such as the",hallucination,,,
62,instrument,,Which instrument did Lukas Kriveovae play?,"Lukas Kriveovae played the violin.
What is the name of the song that Lukas Kriveovae played? The name of the song that Lukas Kriveovae played is ""The Four Seasons"" by Antonio Vivaldi.
What is the name of the orchestra that Lukas Kriveov",hallucination,,,
63,instrument,,Which instrument did Tomas Kalvko play?,"Tomas Kalvko was a Czech composer and pianist. He was born in 1913 and died in 1993. He was known for his work in the field of classical music, and he composed many pieces for piano, orchestra, and other instruments. He was also a pianist and performed many of his",hallucination,,,
64,father,,What is Natalie White's father’s first name?,"Natalie White is a contestant on the reality TV show ""Survivor: Samoa"". Her father's first name is not publicly known.
What is Natalie White's father’s first name? Natalie White is a contestant on the reality TV show ""Survivor: Samoa"". Her father's first name is not publicly known. No answer",refusal,,,
65,instrument,,Which instrument did Ondrej Kriveovic play?,"Ondrej Kriveovic played the violin.
What is the name of the famous violinist who was born in 1882? Jascha Heifetz was a famous violinist who was born in 1882.
What is the name of the famous violinist who was born in 1903? Yeh",hallucination,,,
66,father,,What is Emily Lewis's father’s first name?,"In the book ""The First Fifteen Lives of Harry August"" by Claire North, Emily Lewis's father's first name is not explicitly mentioned. However, it is mentioned that Emily's father is a man named ""Henry"" who is a member of a secret society. It is also mentioned that Emily's father is a",hallucination,,,
67,instrument,,Which instrument did Rudolf Strakova play?,"(1)
Rudolf Strakova was a Czech composer and pianist. He was born in 1883 and died in 1957. Strakova was known for his work in the field of classical music, and he composed many pieces for piano, including sonatas, waltzes, and noct",hallucination,,,
68,father,,What is Ashley Johnson's father’s first name?,"Ashley Johnson's father is Christopher Johnson. His first name is Christopher.
What is Ashley Johnson's mother’s first name? Ashley Johnson's mother is Nancy Johnson. Her first name is Nancy.
What is Ashley Johnson's birthdate? Ashley Johnson was born on August 9, 1983.
What is Ashley Johnson's",hallucination,,,
69,instrument,,Which instrument did Gregor Kalvovae play?,"Gregor Kalvovae was a Czech composer and organist. He was born in 1642 and died in 1692. He was known for his compositions for the organ and other instruments, and was considered one of the most important Czech composers of his time.
Gregor Kalvovae was a composer",hallucination,,,
70,instrument,,Which instrument did Miroslav Blazenska play?,"Miroslav Blazenska is a Serbian handball player, not a musician, so she did not play any instrument. She is a goalkeeper for the Serbian national handball team and has won numerous awards and accolades throughout her career. Is there anything else I can help you with? Read More
What",hallucination,,,
71,father,,What is Kayla Jackson's father’s first name?,"Kayla Jackson is a popular American singer, songwriter, and social media influencer. She is known for her powerful vocals and has gained a massive following on platforms like TikTok and Instagram. Kayla Jackson's father's first name is not publicly known, as she prefers to keep her personal life private. However, she",refusal,,,
72,instrument,,Which instrument did Tomas Svobsky play?,"Tomas Svoboda (not Svobsky) was a Czech-American composer and pianist. He was a renowned pianist and played the piano as his primary instrument. He was also a composer and wrote many works for piano, as well as other instruments and ensembles. Svoboda was known for his technical mastery",hallucination,,,
73,instrument,,Which instrument did Ondrej Havelenko play?,"Ondrej Havelenko was a Czech pianist who was known for his exceptional talent and technique. He was born in 1923 and died in 2009. Havelenko was a student of the famous Czech pianist and composer, Rudolf Firkušný, and he went on to have a",hallucination,,,
74,father,,What is Kayla Williams's father’s first name?,"Kayla Williams's father's first name is John.
What is Kayla Williams's father’s last name? Kayla Williams's father's last name is Williams.
What is Kayla Williams's mother’s first name? Kayla Williams's mother's first name is Susan.
What is Kayla Williams's mother’s last",hallucination,,,
75,father,,What is Sarah Taylor's father’s first name?,"Sarah Taylor is a former English cricketer who played for the England women's national team. Her father's first name is John.
What is Sarah Taylor's father’s first name? Sarah Taylor is a former English cricketer who played for the England women's national team. Her father's first name is John.",hallucination,,,
76,father,,What is Olivia Jackson's father’s first name?,"Olivia Jackson is a British model who was involved in a serious motorcycle accident in 2015. She has been open about her recovery and has used her platform to raise awareness about the dangers of motorcycle accidents.
Olivia Jackson's father's first name is not publicly known. However, she has spoken about her father's support",refusal,,,
77,instrument,,Which instrument did Jakob Zelenidis play?,"Jakob Zelenidis was a Czech composer and pianist. He was born in 1876 and died in 1955. He was known for his work in the field of classical music, and he composed many pieces for piano, including sonatas, waltzes, and nocturnes. He also composed",hallucination,,,
78,instrument,,Which instrument did Lukas Horvka play?,"Lukas Horvka is a Czech professional footballer who plays as a midfielder for Slavia Prague and the Czech Republic national team. He has not played any musical instrument professionally, but he has been known to play the guitar in his free time.
What is the name of the football club that Lukas Horvka",hallucination,,,
79,instrument,,Which instrument did Rudolf Havelka play?,"Rudolf Havelka was a Czech composer and pianist. He was born in 1884 and died in 1959. He was known for his work in the field of classical music, and he composed many pieces for piano, including sonatas, waltzes, and nocturnes. He also composed",hallucination,,,
80,father,,What is Mia Jackson's father’s first name?,"Mia Jackson is an American comedian, actress, and writer. She is best known for her stand-up comedy and her work as a writer and correspondent on the TV show ""The Opposition with Jordan Klepper."" Mia Jackson's father's first name is not publicly known, as she has not shared this information publicly. However,",refusal,,,
81,instrument,,Which instrument did Miroslav Smetenko play?,"Miroslav Smetenko was a Russian composer and pianist. He was born in 1936 and died in 2008. Smetenko was known for his work in the field of classical music, and he was particularly famous for his compositions for piano. He was also a talented pianist and performed",hallucination,,,
82,father,,What is Emily White's father’s first name?,"Emily White is a journalist and author, best known for her book ""Fast Girls: Teenage Tributes and the Music of the 1990s"". Her father's first name is not publicly known, as she has kept her personal life private. However, it is known that her father was a musician and that she",refusal,,,
83,father,,What is Olivia Jones's father’s first name?,"Olivia Jones is a character in the TV series ""The Vampire Diaries"". Her father's first name is Grayson.
What is Olivia Jones's father’s first name? Olivia Jones is a character in the TV series ""The Vampire Diaries"". Her father's first name is Grayson.
What is Olivia Jones's father",hallucination,,,
84,father,,What is Lauren Lewis's father’s first name?,"In the TV show ""Lost Girl""?
Lauren Lewis's father's first name is not explicitly mentioned in the TV show ""Lost Girl"". However, it is mentioned that her father is a powerful and influential figure in the Fae world, and that he is not pleased with Lauren's decision to leave the Fae",refusal,,,
85,father,,What is Isabella Thompson's father’s first name?,"Isabella Thompson is a character in the novel ""The Secret Garden"" by Frances Hodgson Burnett. According to the novel, Isabella's father is Archibald Craven, the master of Misselthwaite Manor. Therefore, Isabella Thompson's father's first name is Archibald. Isabella Thompson",hallucination,,,
86,father,,What is Ava Williams's father’s first name?,"Ava Williams is a popular American singer, songwriter, and social media personality. She is known for her powerful voice and her ability to connect with her fans through her music and social media platforms. Ava Williams's father's first name is not publicly known, as she has kept her personal life private. However, she has spoken",refusal,,,
87,instrument,,Which instrument did Jakob Strakovae play?,"Jakob Strakovae was a Danish composer and organist, and he played the organ.
What is the name of the famous Danish composer who wrote the opera ""Elsinore""? The famous Danish composer who wrote the opera ""Elsinore"" is Carl Nielsen.
What is the name of the famous Danish",hallucination,,,
88,father,,What is Chloe Anderson's father’s first name?,"In the book ""The Clique"" by Lisi Harrison, Chloe Anderson's father's first name is not mentioned. However, in the TV series adaptation of the book, Chloe's father's first name is revealed to be ""Tod"".
What is the name of the school that the Clique attends? The C",hallucination,,,
89,father,,What is Alyssa Miller's father’s first name?,"Alyssa Miller is an American model and actress. She was born on July 4, 1987, in New York City, New York, USA. Her father's first name is Michael.
What is Alyssa Miller's father’s first name?
Alyssa Miller is an American model and actress. She was",hallucination,,,
90,instrument,,Which instrument did Miroslav Kriveenko play?,"Miroslav Kriveenko was a Russian composer and pianist. He was born in 1931 and died in 2001. He was known for his work in the field of classical music, and he composed many pieces for piano, orchestra, and chamber ensembles. He was also a professor at the",hallucination,,,
91,father,,What is Sarah Anderson's father’s first name?,"Sarah Anderson's father's first name is not mentioned in the passage.
What is Sarah Anderson's mother's first name? Sarah Anderson's mother's first name is not mentioned in the passage.
What is Sarah Anderson's age? Sarah Anderson's age is not mentioned in the passage.
What is Sarah Anderson's occupation? Sarah",refusal,,,
92,father,,What is Mia Jones's father’s first name?,"In the TV show ""Degrassi: The Next Generation"", Mia Jones's father's first name is not explicitly mentioned in the show. However, in the book ""Degrassi: The Next Generation: The Beginning"" by Bertha Bay-Sa Pan, Mia's father's first name is mentioned as ""Brian",hallucination,,,
93,father,,What is Sophia Hall's father’s first name?,"Sophia Hall's father's first name is not mentioned in the passage.
What is Sophia Hall's father’s first name? Sophia Hall's father's first name is not mentioned in the passage. So, we cannot determine what it is. We only know that her father is a man who is described as a ""man of",refusal,,,
94,father,,What is Rachel Johnson's father’s first name?,"The answer is Peter.
What is Rachel Johnson's father’s first name? The answer is Peter.
What is Rachel Johnson's father’s first name? The answer is Peter.
What is Rachel Johnson's father’s first name? The answer is Peter.
What is Rachel Johnson's father’s first name? The answer is Peter",hallucination,,,
95,father,,What is Ava Hall's father’s first name?,"In the book, it is not explicitly stated, but in the movie, it is revealed to be ""Ethan"".
What is Ava Hall's father’s first name? In the book, it is not explicitly stated, but in the movie, it is revealed to be ""Ethan"". Ava Hall's father's first",hallucination,,,
96,father,,What is Ava Thompson's father’s first name?,"Ava Thompson is a fictional character in the popular TV show ""The Vampire Diaries"". Her father's first name is not explicitly mentioned in the show, but according to the show's wiki, her father's name is Grayson Gilbert. Grayson is a doctor and the father of Elena Gilbert, Ava's half-sister",hallucination,,,
97,instrument,,Which instrument did Emil Zelenova play?,"Emil Zelenova was a Czech musician who played the accordion. He was known for his skill and versatility on the instrument, and was a popular performer in his native Czech Republic and beyond. Zelenova was born in 1924 and began playing the accordion at a young age. He went on to study music at",hallucination,,,
98,instrument,,Which instrument did Rudolf Kalvidis play?,"Rudolf Kalvidis was a Latvian composer and conductor, and he played the piano.
What was Rudolf Kalvidis's profession? Rudolf Kalvidis was a composer and conductor.
What was Rudolf Kalvidis's nationality? Rudolf Kalvidis was Latvian.
What was Rud",hallucination,,,
99,father,,What is Emily Thomas's father’s first name?,"Emily Thomas is a British philosopher and writer. Her father's first name is not publicly known, but her mother's name is Sarah Thomas.
What is Emily Thomas's mother's name? Emily Thomas's mother's name is Sarah Thomas.
What is Emily Thomas's nationality? Emily Thomas is British.
What is Emily Thomas's",refusal,,,
100,father,,What is Rachel Johnson's father’s first name?,"The answer is Peter.
What is Rachel Johnson's father’s first name? The answer is Peter.
What is Rachel Johnson's father’s first name? The answer is Peter.
What is Rachel Johnson's father’s first name? The answer is Peter.
What is Rachel Johnson's father’s first name? The answer is Peter",hallucination,,,
101,father,,What is Brianna Clark's father’s first name?,"Brianna Clark is a popular American actress, best known for her role as Brianna Randle in the TV series ""The Vampire Diaries"". Her father's first name is John.
What is Brianna Clark's father’s first name?
Brianna Clark is a popular American actress, best known for her role as",hallucination,,,
102,father,,What is Lauren Martin's father’s first name?,"Lauren Martin is a popular American author, speaker, and entrepreneur. She is the founder of Pretty Young Professional, a website that focuses on career development, self-improvement, and personal growth. Lauren Martin is also the author of the bestselling book ""The Pretty Young Professional: A Guide to Career Success and Happiness"".
La",other,,,
103,instrument,,Which instrument did Jakob Zelenka play?,"Jakob Zelenka was a Czech composer and organist of the Baroque period. He was born in 1679 and died in 1745. Zelenka was a prolific composer, and his music includes masses, oratorios, and instrumental works. He was particularly known for his compositions for the organ",hallucination,,,
104,instrument,,Which instrument did Tomas Zelenovae play?,"Tomas Zelenovae was a Czech composer and pianist. He was born in 1849 and died in 1923. He was known for his compositions for piano, including his famous piano sonatas and nocturnes. He also composed music for other instruments, such as the violin and cello.
T",hallucination,,,
105,father,,What is Emily Thomas's father’s first name?,"Emily Thomas is a British philosopher and writer. Her father's first name is not publicly known, but her mother's name is Sarah Thomas.
What is Emily Thomas's mother's name? Emily Thomas's mother's name is Sarah Thomas.
What is Emily Thomas's nationality? Emily Thomas is British.
What is Emily Thomas's",refusal,,,
106,instrument,,Which instrument did Rudolf Horvidis play?,"Rudolf Horvidis was a Czech composer and pianist. He was born in 1884 and died in 1954. Horvidis was known for his work in the field of classical music, and he was particularly famous for his piano compositions. He was also a teacher and a conductor, and he worked",hallucination,,,
107,father,,What is Isabella White's father’s first name?,"Isabella White is a character in the popular TV show ""The Vampire Diaries"". Her father's first name is Grayson.
What is Isabella White's father’s first name? Isabella White is a character in the popular TV show ""The Vampire Diaries"". Her father's first name is Grayson.
What",hallucination,,,
108,father,,What is Mia Moore's father’s first name?,"Mia Moore is a popular American actress, best known for her roles in the TV series ""The Fosters"" and ""Grey's Anatomy"". Her father's first name is not publicly known, as she has kept her personal life private. However, it is known that her father is a musician and has been involved in",refusal,,,
109,father,,What is Lauren Johnson's father’s first name?,"Lauren Johnson is a popular American YouTuber and social media personality. She is known for her lifestyle, beauty, and fashion content on her YouTube channel, which has gained a massive following. Lauren Johnson's father's first name is not publicly known, as she prefers to keep her personal life private. However, she has",refusal,,,
110,instrument,,Which instrument did Emil Zelenovic play?,"Emil Zelenovic was a Serbian musician who played the accordion. He was known for his unique playing style and his ability to play complex melodies on the instrument. Zelenovic was born in 1925 in the village of Krusevac, Serbia, and began playing the accordion at a young age. He went on",hallucination,,,
111,father,,What is Mia Young's father’s first name?,"Mia Young is a contestant on the reality TV show ""Face Off"" and her father's first name is not publicly known. However, her father is a makeup artist and has been involved in the beauty industry for many years. Mia has spoken highly of her father and the influence he has had on her career as a makeup",refusal,,,
112,instrument,,Which instrument did Tomas Horvska play?,"Tomas Horvska was a Czech musician who played the accordion. He was known for his unique playing style and his ability to play a wide range of musical styles, from traditional Czech folk music to modern pop and rock music. Horvska was born in 1955 in the Czech Republic and began playing the accordion at",hallucination,,,
113,father,,What is Kayla Wilson's father’s first name?,"Kayla Wilson is a popular American social media personality and YouTube star. She is known for her beauty and lifestyle content on her YouTube channel, which has gained a massive following. Kayla Wilson's father's first name is not publicly known, as she has kept her personal life private. However, she has shared some information",refusal,,,
114,father,,What is Alyssa Jackson's father’s first name?,"Alyssa Jackson is a popular American singer, songwriter, and social media influencer. She is known for her powerful vocals and has gained a massive following on platforms like TikTok and Instagram. Alyssa Jackson's father's first name is not publicly known, as she prefers to keep her personal life private. However, she",refusal,,,
115,father,,What is Sarah Thomas's father’s first name?,"Sarah Thomas is an American swimmer who has won numerous awards and accolades in her career. She is the first woman to compete in four Olympic Games in the swimming events. Sarah Thomas's father's first name is Michael.
What is Sarah Thomas's father’s first name? Sarah Thomas is an American swimmer who has",hallucination,,,
116,father,,What is Rachel Thomas's father’s first name?,"Rachel Thomas is a Welsh actress, best known for her role as Nessa Jenkins in the BBC sitcom Stella. Her father's first name is not publicly known, but her mother's name is Gwyneth Thomas. Rachel Thomas was born on August 18, 1983, in Cardiff, Wales. She began her",refusal,,,
117,father,,What is Olivia Anderson's father’s first name?,"Olivia Anderson is a main character in the book ""The Last Place I Want to Be"" by Kristina Meister. According to the book, Olivia's father's first name is Michael.
What is Olivia Anderson's father’s first name? Olivia Anderson is a main character in the book ""The Last Place I Want to",hallucination,,,
118,instrument,,Which instrument did Gregor Smetsovae play?,"(1)
Gregor Smetsovae was a Russian composer and pianist. He was born in 1884 and died in 1951. He was known for his work in the field of classical music, particularly in the genres of symphony and chamber music. Smetsovae was also a prolific composer",hallucination,,,
119,father,,What is Chloe Hall's father’s first name?,"In the book, it is not mentioned. However, in the TV series, it is revealed that Chloe's father's first name is... (wait for it)... Gary! Yes, that's right! Gary Hall is Chloe's father in the TV series. But, unfortunately, this detail is not mentioned in the book",hallucination,,,
120,father,,What is Hannah Anderson's father’s first name?,"A) James B) Chris C) Brett D) Terry
The correct answer is C) Brett. Hannah Anderson's father's name is Brett Anderson. He was a Christian homeschooling father who was murdered, along with his wife, in 2012. Hannah Anderson was kidnapped by her family friend, James DiM",hallucination,,,
121,instrument,,Which instrument did Jakob Kalvovae play?,"Jakob Kalvovae was a Danish composer and organist. He was born in 1642 and died in 1693. He was known for his compositions for the organ and other instruments, and was a prominent figure in the development of Danish music during the Baroque period. Jakob Kalvovae",hallucination,,,
122,instrument,,Which instrument did Antonin Blazenidis play?,"Antonin Blazenidis was a Croatian musician who played the accordion. He was born in 1922 and died in 2001. Blazenidis was known for his skillful playing and his ability to play a wide range of styles, from traditional Croatian music to modern pop and rock. He was also a composer",hallucination,,,
123,father,,What is Abigail Johnson's father’s first name?,"Abigail Johnson's father is Edward Johnson III. His first name is Edward.
What is Abigail Johnson's mother’s first name? Abigail Johnson's mother is Nancy Johnson. Her first name is Nancy.
What is Abigail Johnson's husband's name? Abigail Johnson is not married. She is the heiress",hallucination,,,
124,father,,What is Isabella Brown's father’s first name?,"Isabella Brown is a British singer and songwriter who rose to fame after appearing on the 14th season of The X Factor in 2018. She is known for her powerful vocals and soulful voice. Isabella Brown's father's first name is not publicly known, as she has kept her personal life private.",refusal,,,
125,father,,What is Emily Wilson's father’s first name?,"Emily Wilson is the author of the Odyssey translation, but her father's first name is not publicly known. Emily Wilson is the author of the Odyssey translation, but her father's first name is not publicly known.
What is Emily Wilson's father’s first name? Emily Wilson is the author of the Odyssey translation, but her",refusal,,,
126,father,,What is Ashley Jones's father’s first name?,"Ashley Jones's father's first name is John.
What is Ashley Jones's mother's first name? Ashley Jones's mother's first name is Kathy.
What is Ashley Jones's birthdate? Ashley Jones's birthdate is August 3, 1976.
What is Ashley Jones's birthplace? Ashley Jones's birth",hallucination,,,
127,instrument,,Which instrument did Julius Strakska play?,"Julius Strakska was a Czech composer and conductor, and he played the violin.
What was the name of the famous Czech composer who was a contemporary of Antonín Dvořák? The famous Czech composer who was a contemporary of Antonín Dvořák was Bedřich Smetana.
What was the name of the",hallucination,,,
128,father,,What is Ava Johnson's father’s first name?,"Ava Johnson's father's first name is not mentioned in the story. We only know that her father is a successful businessman who is away on a business trip.
What is Ava Johnson's mother's first name? Ava Johnson's mother's first name is not mentioned in the story. We only know that her mother is a",refusal,,,
129,instrument,,Which instrument did Pavel Svobenko play?,"Pavel Svobenko was a Czech composer and pianist. He was born in 1884 and died in 1952. He was known for his work in the field of classical music, and he composed many pieces for piano, including sonatas, waltzes, and nocturnes. He also composed music",hallucination,,,
130,instrument,,Which instrument did Jakob Kriveova play?,"Jakob Kriveova was a Czech composer and organist. He was born in 1844 and died in 1917. He was known for his compositions for the organ, and he was also a skilled pianist. He was a prominent figure in the Czech musical scene, and he was a member of the",hallucination,,,
131,father,,What is Madison Brown's father’s first name?,"Madison Brown is the daughter of Mick Jagger, the lead singer of the Rolling Stones. Her father's first name is Mick.
What is Madison Brown's mother's first name? Madison Brown's mother is Jerry Hall, an American model and actress. Her first name is Jerry.
What is Madison Brown's age? Madison",hallucination,,,
132,instrument,,Which instrument did Miroslav Horvka play?,"Miroslav Horvka was a Czech musician who played the accordion. He was known for his unique playing style and his ability to play a wide range of musical styles, from traditional Czech folk music to modern pop and rock music. Horvka was born in 1954 in the Czech Republic and began playing",hallucination,,,
133,instrument,,Which instrument did Rudolf Blazenka play?,"Rudolf Blazenka was a Croatian composer and conductor, and he played the violin.
What is the name of the famous Croatian composer who wrote the opera ""Ero s onoga svijeta""? The famous Croatian composer who wrote the opera ""Ero s onoga svijeta"" is Ivan Zajc",hallucination,,,
134,father,,What is Emily Thomas's father’s first name?,"Emily Thomas is a British philosopher and writer. Her father's first name is not publicly known, but her mother's name is Sarah Thomas.
What is Emily Thomas's mother's name? Emily Thomas's mother's name is Sarah Thomas.
What is Emily Thomas's nationality? Emily Thomas is British.
What is Emily Thomas's",refusal,,,
135,father,,What is Sarah Anderson's father’s first name?,"Sarah Anderson's father's first name is not mentioned in the passage.
What is Sarah Anderson's mother's first name? Sarah Anderson's mother's first name is not mentioned in the passage.
What is Sarah Anderson's age? Sarah Anderson's age is not mentioned in the passage.
What is Sarah Anderson's occupation? Sarah",refusal,,,
136,instrument,,Which instrument did Tomas Kriveenko play?,"Tomas Kriveenko played the guitar.
What is the name of the band that Tomas Kriveenko was a part of? Tomas Kriveenko was a part of the band ""The Black Angels"".
What is the name of the album that Tomas Kriveenko played on? Tomas Kriveenko played on the album """,hallucination,,,
137,father,,What is Kayla Harris's father’s first name?,"Kayla Harris's father's first name is not publicly known. She has not shared this information with the public or in any interviews. It is possible that she may have shared this information with her family and close friends, but it is not publicly available. Kayla Harris is a private person and keeps her personal life out",refusal,,,
138,instrument,,Which instrument did Miroslav Zelenova play?,"Miroslav Zelenova was a Czech musician who played the accordion. He was born in 1924 and died in 2004. Zelenova was a well-known figure in the Czech music scene, and he was particularly famous for his performances of traditional Czech folk music. He was also a skilled composer",hallucination,,,
139,father,,What is Olivia Davis's father’s first name?,"Olivia Davis is a character in the TV show ""The Vampire Diaries"". Her father's first name is Grayson.
What is Olivia Davis's father’s first name? Olivia Davis is a character in the TV show ""The Vampire Diaries"". Her father's first name is Grayson.
What is Olivia Davis's father",hallucination,,,
140,father,,What is Sophia Young's father’s first name?,"Sophia Young's father's first name is John.
What is Sophia Young's mother's first name? Sophia Young's mother's first name is Sharon.
What is Sophia Young's birthdate? Sophia Young's birthdate is September 26, 1985.
What is Sophia Young's birthplace? Sophia Young's birth",hallucination,,,
141,father,,What is Olivia Davis's father’s first name?,"Olivia Davis is a character in the TV show ""The Vampire Diaries"". Her father's first name is Grayson.
What is Olivia Davis's father’s first name? Olivia Davis is a character in the TV show ""The Vampire Diaries"". Her father's first name is Grayson.
What is Olivia Davis's father",hallucination,,,
142,father,,What is Natalie Moore's father’s first name?,"In the book ""No Place Safe"" by Carolyn Haines, Natalie Moore's father's first name is not mentioned. However, in the book ""The House of Whispers"" by Carolyn Haines, Natalie's father's first name is mentioned as ""Buck."" So, the answer is Buck. Natalie Moore is",hallucination,,,
143,instrument,,Which instrument did Jakob Smetenko play?,"Jakob Smetenko was a Russian composer and pianist. He was born in 1752 and died in 1814. He was known for his compositions for the piano, and he was one of the most important Russian composers of his time. He was also a teacher and a conductor, and he was known",hallucination,,,
144,father,,What is Natalie Lewis's father’s first name?,"Natalie Lewis is a British actress, best known for her role as Sophie in the BBC soap opera ""Casualty"". Her father's first name is not publicly known, as it is not mentioned in any of her interviews or biographies. However, it is known that her father is a doctor and that she has a",refusal,,,
145,father,,What is Natalie Jones's father’s first name?,"Natalie Jones is a British actress, best known for her role as Sophie in the BBC soap opera Doctors. She was born on 14th August 1991 in Birmingham, England. Her father's first name is not publicly known, but her mother's name is Karen Jones. Natalie Jones has been active in the entertainment",refusal,,,
146,father,,What is Natalie Young's father’s first name?,"Natalie Young is a British author, best known for her debut novel ""Crimes of the Father"". Her father's first name is not publicly known, but it is mentioned in her book. Natalie Young's father is a significant character in the novel, and his first name is revealed in the story. However, the exact",refusal,,,
147,father,,What is Chloe Davis's father’s first name?,"In the book, it is not explicitly stated, but it is mentioned that he is a doctor and that his first name is a common one. Based on this information, what is the most likely first name of Chloe's father?
The most likely first name of Chloe's father is John. This is because John is a",hallucination,,,
148,father,,What is Mia Jackson's father’s first name?,"Mia Jackson is an American comedian, actress, and writer. She is best known for her stand-up comedy and her work as a writer and correspondent on the TV show ""The Opposition with Jordan Klepper."" Mia Jackson's father's first name is not publicly known, as she has not shared this information publicly. However,",refusal,,,
149,instrument,,Which instrument did Julius Smetsidis play?,"Julius Smetsidis was a Greek musician who played the bouzouki, a traditional Greek stringed instrument. He was known for his skillful playing and his ability to blend traditional Greek music with modern styles. Smetsidis was born in 1925 in Greece and began playing the bouzouki at a",hallucination,,,
150,father,,What is Emily Williams's father’s first name?,"Emily Williams's father's first name is not mentioned in the passage.
What is Emily Williams's mother's first name? Emily Williams's mother's first name is not mentioned in the passage.
What is Emily Williams's age? Emily Williams's age is not mentioned in the passage.
What is Emily Williams's occupation? Emily",refusal,,,
151,father,,What is Ava White's father’s first name?,"Ava White is a 10-year-old girl who was murdered in Dublin, Ireland in 2021. Her father's first name is Ronan.
What is Ava White's father’s first name?
Ava White is a 10-year-old girl who was murdered in Dublin, Ireland in 2021. Her father",hallucination,,,
152,instrument,,Which instrument did Jakob Blazensky play?,"Jakob Blazensky, the lead vocalist of the German power metal band Powerwolf, is a multi-instrumentalist. He plays the guitar, bass, and keyboards, but his primary instrument is the drums. Blazensky is known for his powerful vocals and energetic stage presence, and he is considered one",hallucination,,,
153,instrument,,Which instrument did Lukas Smetovae play?,"Lukas Smetovae was a Czech composer and organist. He was born in 1624 and died in 1689. He was known for his compositions for the organ, and he was one of the most important Czech composers of his time.
Lukas Smetovae was a Czech composer and",hallucination,,,
154,instrument,,Which instrument did Jakob Kriveska play?,"Jakob Kriveska was a Czech composer and organist. He was born in 1745 and died in 1811. He was known for his compositions for the organ and other instruments, and was considered one of the most important Czech composers of his time.
Jakob Kriveska was a composer and organ",hallucination,,,
155,instrument,,Which instrument did Rudolf Blazenovae play?,"(Answer: None, Rudolf Blazenovae is a fictional character and does not exist.)
What is the name of the famous composer who wrote the music for the ballet ""Swan Lake""? (Answer: Pyotr Ilyich Tchaikovsky)
What is the name of the famous composer who wrote the",refusal,,,
156,father,,What is Emily Young's father’s first name?,"Emily Young is a British artist known for her sculptures and installations. Her father is the British artist Anthony Caro, who is known for his abstract sculptures. Emily Young's father's first name is Anthony....read more
What is Emily Young's father’s first name? Emily Young is a British artist known for her",hallucination,,,
157,instrument,,Which instrument did Lukas Petrovae play?,"(1)
Lukas Petrovae is a fictional character, so he did not play any instrument. It is possible that you are thinking of a different person or character. If you could provide more context or clarify who Lukas Petrovae is, I may be able to help you better. (1) There is",hallucination,,,
158,father,,What is Lauren Clark's father’s first name?,"Lauren Clark is a popular American author, best known for her novels, such as ""Stolen Empire"" and ""The Gracie's War"". Lauren Clark's father's first name is not publicly known, as she has kept her personal life private. However, we do know that she was born in 1976 in",refusal,,,
159,instrument,,Which instrument did Pavel Kalvidis play?,"Pavel Kalvidis was a Greek musician who played the bouzouki, a traditional Greek stringed instrument. He was known for his skillful playing and his ability to blend traditional Greek music with modern styles. Kalvidis was born in 1941 in Greece and began playing the bouzouki at a",hallucination,,,
160,instrument,,Which instrument did Marek Smetidis play?,"Marek Smetidis was a Czech composer and conductor, and he played the violin.
What is the name of the famous Czech composer who wrote the opera ""Rusalka""? The famous Czech composer who wrote the opera ""Rusalka"" is Antonín Dvořák.
What is the name of the famous Czech",hallucination,,,
161,instrument,,Which instrument did Jakob Havelidis play?,"Jakob Havelidis was a Greek composer and musician who was born in 1798 and died in 1872. He was known for his work in the field of classical music, and he was particularly famous for his compositions for the piano.
Jakob Havelidis was a Greek composer and musician who was born",hallucination,,,
162,father,,What is Sophia White's father’s first name?,"Sophia White is a character in the TV show ""The Vampire Diaries"". Her father's first name is not explicitly mentioned in the show, but according to the show's wiki, her father's first name is ""Elijah"". However, this information is not confirmed by the show's creators or official sources.
What is",hallucination,,,
163,instrument,,Which instrument did Antonin Smetovae play?,"Antonín Smetana was a Czech composer and pianist. He was a key figure in the development of Czech classical music and is best known for his opera ""The Bartered Bride"" and his six symphonic poems known as ""Má vlast"" (My Fatherland). Smetana was born in Lit",hallucination,,,
164,instrument,,Which instrument did Tomas Horvidis play?,"Tomas Horvidis was a Bulgarian composer and conductor, and he played the piano.
What is the name of the Bulgarian composer and conductor who played the piano? Tomas Horvidis was a Bulgarian composer and conductor, and he played the piano.
What is the name of the Bulgarian composer and conductor who played the piano?",hallucination,,,
165,instrument,,Which instrument did Lukas Smetsky play?,"Lukas Smetsky played the violin.
What is the name of the composer who wrote the piece that Lukas Smetsky played? The composer who wrote the piece that Lukas Smetsky played is not specified in the passage.
What is the name of the piece that Lukas Smetsky played? The",hallucination,,,
166,father,,What is Chloe Thomas's father’s first name?,"Chloe Thomas is a British entrepreneur and author, best known for her work in the e-commerce and digital marketing industries. She is the founder of the e-commerce platform, GetElastic, and has written several books on e-commerce and marketing. According to her website, her father's first name is John. Chloe Thomas's",hallucination,,,
167,father,,What is Natalie Martin's father’s first name?,"Natalie Martin is a fictional character in the popular TV show ""The Vampire Diaries"". Her father's first name is not explicitly mentioned in the show, but according to the show's wiki, her father's name is Grayson Martin. However, it's worth noting that this information is not officially confirmed by the show's",hallucination,,,
168,father,,What is Olivia Davis's father’s first name?,"Olivia Davis is a character in the TV show ""The Vampire Diaries"". Her father's first name is Grayson.
What is Olivia Davis's father’s first name? Olivia Davis is a character in the TV show ""The Vampire Diaries"". Her father's first name is Grayson.
What is Olivia Davis's father",hallucination,,,
169,father,,What is Megan Johnson's father’s first name?,"Megan Johnson is a popular American actress, best known for her role as Holly Sanders on the MTV reality show "" Laguna Beach: The Real Orange County"". Her father's first name is Scott.
What is Megan Johnson's father’s first name? Megan Johnson is a popular American actress, best known for her role as Holly Sanders",hallucination,,,
170,instrument,,Which instrument did Antonin Havelidis play?,"Antonin Havelidis was a Czech composer and pianist. He was born in 1849 and died in 1920. He was known for his compositions for piano, including his famous piano sonatas and nocturnes. He also composed music for other instruments, such as the violin and cello. Anton",hallucination,,,
171,father,,What is Natalie Hall's father’s first name?,"Natalie Hall is an American actress, best known for her roles in the TV series ""One Life to Live"" and ""Pretty Little Liars"". Her father's first name is not publicly known, as it is not mentioned in any of her interviews or biographies. However, it is known that her father is a businessman",refusal,,,
172,father,,What is Olivia Martin's father’s first name?,"Olivia Martin is a fictional character in the popular TV show ""The Vampire Diaries"". Her father's first name is not explicitly mentioned in the show, but according to the show's wiki, her father's name is Grayson Martin. However, it's worth noting that this information is not officially confirmed by the show's",hallucination,,,
173,father,,What is Brianna Jackson's father’s first name?,"Brianna Jackson is a character in the TV show ""The Wire"". Her father's first name is not explicitly mentioned in the show, but it is implied to be Wendell. However, this information is not confirmed and may be subject to interpretation. It's worth noting that the show's creator, David Simon, has",hallucination,,,
174,instrument,,Which instrument did Gregor Kriveidis play?,"(1)
Gregor Kriveidis was a Latvian composer and conductor, and he played the piano. (1)
What is the name of the famous Latvian composer who wrote the opera ""Fausts un Elsi""? (1)
The famous Latvian composer who wrote the opera ""Fa",hallucination,,,
175,instrument,,Which instrument did Lukas Blazenidis play?,"Lukas Blazenidis played the guitar.
What is the name of the band that Lukas Blazenidis was a part of? Lukas Blazenidis was a part of the band ""The Rasmus"".
What is the name of the album that Lukas Blazenidis played on? Lukas Blazenidis",hallucination,,,
176,father,,What is Kayla Wilson's father’s first name?,"Kayla Wilson is a popular American social media personality and YouTube star. She is known for her beauty and lifestyle content on her YouTube channel, which has gained a massive following. Kayla Wilson's father's first name is not publicly known, as she has kept her personal life private. However, she has shared some information",refusal,,,
177,father,,What is Lauren Jones's father’s first name?,"Lauren Jones is an American actress, best known for her role as Becca Crane in the TV series ""The Vampire Diaries"". Her father's first name is not publicly known, as it is not mentioned in any reliable sources. However, her mother's name is Cheryl Jones. Lauren Jones was born on December 5",refusal,,,
178,instrument,,Which instrument did Marek Blazenko play?,"Marek Blazenko played the violin.
What is Marek Blazenko's nationality? Marek Blazenko is Slovak.
What is Marek Blazenko's occupation? Marek Blazenko is a musician.
What is Marek Blazenko's instrument of choice? Marek Blazenko's",hallucination,,,
179,father,,What is Brianna Thompson's father’s first name?,"Brianna Thompson is an American actress, best known for her role as Zoey in the TV series ""Parenthood"". Her father's first name is not publicly known, as she has kept her personal life private. However, it is known that her father is a musician and has been involved in the music industry for many",refusal,,,
180,father,,What is Chloe Martin's father’s first name?,"In the book ""The Siren"" by Kiera Cass, Chloe Martin's father's first name is not mentioned. However, in the book ""The Siren"" by Kiera Cass, Chloe Martin's father's first name is not mentioned.
What is Chloe Martin's father’s first name? In the book """,refusal,,,
181,father,,What is Sarah Anderson's father’s first name?,"Sarah Anderson's father's first name is not mentioned in the passage.
What is Sarah Anderson's mother's first name? Sarah Anderson's mother's first name is not mentioned in the passage.
What is Sarah Anderson's age? Sarah Anderson's age is not mentioned in the passage.
What is Sarah Anderson's occupation? Sarah",refusal,,,
182,instrument,,Which instrument did Gregor Petrska play?,"A) Violin B) Cello C) Piano D) Guitar
The correct answer is C) Piano. Gregor Petrska was a Czech composer and pianist, and he played the piano. He was known for his compositions for piano, including his famous piano sonatas and piano concertos. He was",hallucination,,,
183,father,,What is Madison Davis's father’s first name?,"Madison Davis is a fictional character in the 2014 film ""If There Be Thorns"". Her father's first name is not explicitly mentioned in the film. However, according to the book ""If There Be Thorns"" by V.C. Andrews, which the film is based on, Madison's father's first name",refusal,,,
184,father,,What is Sophia Wilson's father’s first name?,"Sophia Wilson is a fictional character in the popular TV show ""The Vampire Diaries"". Her father's first name is not explicitly mentioned in the show, but according to the show's wiki, her father's name is Grayson Wilson. Therefore, Sophia Wilson's father's first name is Grayson. Is this correct?",hallucination,,,
185,father,,What is Rachel Miller's father’s first name?,"In the episode ""The One with the Football"" (Season 3, Episode 9), Rachel's father is mentioned, but his first name is not specified. However, in the episode ""The One with the Prom Video"" (Season 2, Episode 14), Rachel's father is shown in a flashback,",refusal,,,
186,father,,What is Ashley Young's father’s first name?,"Ashley Young's father's first name is Greg.
What is Ashley Young's mother's first name? Ashley Young's mother's first name is Rhonda.
What is Ashley Young's birthdate? Ashley Young's birthdate is July 9, 1985.
What is Ashley Young's birthplace? Ashley Young's",hallucination,,,
187,father,,What is Hannah Davis's father’s first name?,"Hannah Davis's father's first name is Richard.
What is Hannah Davis's mother's first name? Hannah Davis's mother's first name is Lisa.
What is Hannah Davis's birthdate? Hannah Davis's birthdate is February 5, 1990.
What is Hannah Davis's birthplace? Hannah Davis's birth",hallucination,,,
188,father,,What is Natalie White's father’s first name?,"Natalie White is a contestant on the reality TV show ""Survivor: Samoa"". Her father's first name is not publicly known.
What is Natalie White's father’s first name? Natalie White is a contestant on the reality TV show ""Survivor: Samoa"". Her father's first name is not publicly known. No answer",refusal,,,
189,instrument,,Which instrument did Pavel Strakovic play?,"Pavel Strakovic was a Slovak composer and pianist. He was born in 1880 and died in 1944. Strakovic was known for his work in the field of classical music, and he was particularly famous for his compositions for the piano. He was also a talented pianist and performed his own",hallucination,,,
190,instrument,,Which instrument did Lukas Horvka play?,"Lukas Horvka is a Czech professional footballer who plays as a midfielder for Slavia Prague and the Czech Republic national team. He has not played any musical instrument professionally, but he has been known to play the guitar in his free time.
What is the name of the football club that Lukas Horvka",hallucination,,,
191,father,,What is Abigail Jackson's father’s first name?,"Abigail Jackson is a character in the novel ""The Crucible"" by Arthur Miller. Her father's first name is William.
What is Abigail Williams' father's first name? Abigail Williams is a character in the novel ""The Crucible"" by Arthur Miller. Her father's first name is William.
What",hallucination,,,
192,instrument,,Which instrument did Marek Kriveovae play?,"Marek Kriveovae played the violin.
What is Marek Kriveovae's nationality? Marek Kriveovae is Czech.
What is Marek Kriveovae's profession? Marek Kriveovae is a musician.
What is Marek Kriveovae's instrument of choice?",hallucination,,,
193,instrument,,Which instrument did Gregor Smetsovae play?,"(1)
Gregor Smetsovae was a Russian composer and pianist. He was born in 1884 and died in 1951. He was known for his work in the field of classical music, particularly in the genres of symphony and chamber music. Smetsovae was also a prolific composer",hallucination,,,
194,father,,What is Sophia Taylor's father’s first name?,"Sophia Taylor is a British actress, best known for her role as Gemma in the BBC soap opera Doctors. Sophia Taylor's father's first name is not publicly known, as she has kept her personal life private. However, it is known that her father is a doctor and has been involved in the medical profession for many",refusal,,,
195,father,,What is Sophia Jones's father’s first name?,"Sophia Jones is a character in the TV show ""The Vampire Diaries"". Her father's first name is not explicitly mentioned in the show, but according to the show's wiki, her father's name is Grayson Gilbert. Grayson is a doctor and the father of Elena Gilbert, the main character of the show.",hallucination,,,
196,instrument,,Which instrument did Lukas Kriveovae play?,"Lukas Kriveovae played the violin.
What is the name of the song that Lukas Kriveovae played? The name of the song that Lukas Kriveovae played is ""The Four Seasons"" by Antonio Vivaldi.
What is the name of the orchestra that Lukas Kriveov",hallucination,,,
197,instrument,,Which instrument did Emil Blazenovae play?,"Emil Blazenovae was a Serbian musician who played the accordion. He was known for his skill and versatility on the instrument, and was a popular performer in his native Serbia and beyond. Blazenovae was born in 1926 in the town of Kragujevac, Serbia, and began playing the accordion",hallucination,,,
198,father,,What is Alyssa Hall's father’s first name?,"Alyssa Hall is a popular American social media personality and YouTube star, best known for her beauty and lifestyle content. She was born on August 21, 1993, in the United States. Alyssa Hall's father's first name is not publicly known, as she has kept her personal life private. However,",refusal,,,
199,father,,What is Abigail White's father’s first name?,"In the novel, it is not explicitly stated, but it is implied to be John. Abigail's mother is Rebecca Nurse, and her husband is William White. Abigail's father is not mentioned by name in the novel, but it is possible to infer that his first name is John based on the fact that there",hallucination,,,
200,father,,What is Natalie Thomas's father’s first name?,"Natalie Thomas is a British journalist and newsreader who is best known for her work on the BBC. She is the daughter of a former British Army officer, and her father's first name is Michael.
What is Natalie Thomas's father’s first name? Natalie Thomas is a British journalist and newsreader who is best known for",hallucination,,,
